ORDRE,NOM,SEXE,DECADA,FREQUENCIA
1,MARIA,Dona,Abans de 1930,1729
2,CARMEN,Dona,Abans de 1930,1239
3,JOSEFA,Dona,Abans de 1930,855
4,MONTSERRAT,Dona,Abans de 1930,738
5,ROSA,Dona,Abans de 1930,639
6,TERESA,Dona,Abans de 1930,607
7,PILAR,Dona,Abans de 1930,597
8,DOLORES,Dona,Abans de 1930,563
9,MERCEDES,Dona,Abans de 1930,516
10,ANTONIA,Dona,Abans de 1930,493
11,FRANCISCA,Dona,Abans de 1930,491
12,ISABEL,Dona,Abans de 1930,461
13,CONCEPCION,Dona,Abans de 1930,431
14,NURIA,Dona,Abans de 1930,352
15,ANA,Dona,Abans de 1930,299
16,JUANA,Dona,Abans de 1930,260
17,M TERESA,Dona,Abans de 1930,243
18,ROSARIO,Dona,Abans de 1930,221
19,M ROSA,Dona,Abans de 1930,201
20,JOSEFINA,Dona,Abans de 1930,196
21,JULIA,Dona,Abans de 1930,178
22,M CARMEN,Dona,Abans de 1930,178
23,ANGELA,Dona,Abans de 1930,175
24,MANUELA,Dona,Abans de 1930,174
25,M DOLORES,Dona,Abans de 1930,172
26,ANGELES,Dona,Abans de 1930,170
27,MARGARITA,Dona,Abans de 1930,164
28,CARME,Dona,Abans de 1930,160
29,EMILIA,Dona,Abans de 1930,159
30,M LUISA,Dona,Abans de 1930,152
31,MERCE,Dona,Abans de 1930,151
32,ASUNCION,Dona,Abans de 1930,139
33,AMPARO,Dona,Abans de 1930,136
34,LUISA,Dona,Abans de 1930,134
35,ENCARNACIO,Dona,Abans de 1930,124
36,RAMONA,Dona,Abans de 1930,120
37,CONSUELO,Dona,Abans de 1930,117
38,MATILDE,Dona,Abans de 1930,113
39,M PILAR,Dona,Abans de 1930,112
40,JOAQUINA,Dona,Abans de 1930,111
41,ELVIRA,Dona,Abans de 1930,110
42,AURORA,Dona,Abans de 1930,108
43,DOLORS,Dona,Abans de 1930,108
44,VICENTA,Dona,Abans de 1930,107
45,VICTORIA,Dona,Abans de 1930,105
46,ENRIQUETA,Dona,Abans de 1930,100
47,MAGDALENA,Dona,Abans de 1930,100
48,ELENA,Dona,Abans de 1930,97
49,NIEVES,Dona,Abans de 1930,94
50,FELISA,Dona,Abans de 1930,92
1,MARIA,Dona,1930,3626
2,CARMEN,Dona,1930,3079
3,JOSEFA,Dona,1930,2121
4,MONTSERRAT,Dona,1930,1715
5,ROSA,Dona,1930,1504
6,PILAR,Dona,1930,1479
7,DOLORES,Dona,1930,1352
8,ISABEL,Dona,1930,1302
9,FRANCISCA,Dona,1930,1293
10,ANTONIA,Dona,1930,1235
11,TERESA,Dona,1930,1232
12,MERCEDES,Dona,1930,1182
13,NURIA,Dona,1930,1032
14,CONCEPCION,Dona,1930,989
15,M TERESA,Dona,1930,876
16,M CARMEN,Dona,1930,835
17,JUANA,Dona,1930,777
18,M ROSA,Dona,1930,777
19,ANA,Dona,1930,776
20,ROSARIO,Dona,1930,723
21,MANUELA,Dona,1930,555
22,M DOLORES,Dona,1930,527
23,M LUISA,Dona,1930,504
24,JOSEFINA,Dona,1930,492
25,ANGELES,Dona,1930,481
26,MARGARITA,Dona,1930,469
27,M PILAR,Dona,1930,438
28,JULIA,Dona,1930,404
29,ANGELA,Dona,1930,397
30,LUISA,Dona,1930,377
31,CONSUELO,Dona,1930,369
32,EMILIA,Dona,1930,351
33,ENCARNACIO,Dona,1930,348
34,AMPARO,Dona,1930,343
35,AURORA,Dona,1930,335
36,ANA MARIA,Dona,1930,327
37,ROSER,Dona,1930,324
38,ELENA,Dona,1930,312
39,MERCE,Dona,1930,312
40,CARME,Dona,1930,303
41,VICTORIA,Dona,1930,287
42,M ANGELES,Dona,1930,277
43,JOAQUINA,Dona,1930,266
44,RAMONA,Dona,1930,262
45,ENCARNACION,Dona,1930,259
46,ASUNCION,Dona,1930,255
47,GLORIA,Dona,1930,251
48,ENRIQUETA,Dona,1930,249
49,MAGDALENA,Dona,1930,248
50,MATILDE,Dona,1930,232
1,CARMEN,Dona,1940,2997
2,M CARMEN,Dona,1940,2800
3,MARIA,Dona,1940,2662
4,MONTSERRAT,Dona,1940,2551
5,JOSEFA,Dona,1940,2091
6,M TERESA,Dona,1940,1949
7,PILAR,Dona,1940,1765
8,ISABEL,Dona,1940,1747
9,MERCEDES,Dona,1940,1488
10,FRANCISCA,Dona,1940,1444
11,ROSA,Dona,1940,1373
12,ANTONIA,Dona,1940,1275
13,DOLORES,Dona,1940,1265
14,CONCEPCION,Dona,1940,1257
15,TERESA,Dona,1940,1181
16,M ROSA,Dona,1940,1171
17,M DOLORES,Dona,1940,1120
18,M PILAR,Dona,1940,1119
19,M LUISA,Dona,1940,962
20,ANA,Dona,1940,876
21,JUANA,Dona,1940,871
22,ANA MARIA,Dona,1940,830
23,M ANGELES,Dona,1940,817
24,NURIA,Dona,1940,801
25,MARGARITA,Dona,1940,771
26,ROSARIO,Dona,1940,742
27,JOSEFINA,Dona,1940,732
28,M ISABEL,Dona,1940,729
29,MANUELA,Dona,1940,702
30,ROSA MARIA,Dona,1940,614
31,GLORIA,Dona,1940,557
32,ANGELES,Dona,1940,537
33,ANA M,Dona,1940,527
34,JULIA,Dona,1940,459
35,ROSA M,Dona,1940,458
36,MERCE,Dona,1940,445
37,ANGELA,Dona,1940,434
38,MARTA,Dona,1940,411
39,ENCARNACIO,Dona,1940,396
40,CONSUELO,Dona,1940,395
41,ELENA,Dona,1940,395
42,AMPARO,Dona,1940,394
43,MARIA CARMEN,Dona,1940,385
44,EMILIA,Dona,1940,383
45,MARIA TERESA,Dona,1940,382
46,M JOSEFA,Dona,1940,367
47,M ANTONIA,Dona,1940,362
48,MAGDALENA,Dona,1940,352
49,LUISA,Dona,1940,347
50,ALICIA,Dona,1940,323
1,MONTSERRAT,Dona,1950,3856
2,M CARMEN,Dona,1950,3174
3,CARMEN,Dona,1950,2274
4,M TERESA,Dona,1950,2070
5,ISABEL,Dona,1950,1846
6,MARIA,Dona,1950,1697
7,MERCEDES,Dona,1950,1511
8,JOSEFA,Dona,1950,1446
9,NURIA,Dona,1950,1445
10,M DOLORES,Dona,1950,1373
11,PILAR,Dona,1950,1339
12,M ISABEL,Dona,1950,1240
13,ANA MARIA,Dona,1950,1230
14,M PILAR,Dona,1950,1209
15,M ANGELES,Dona,1950,1110
16,ROSA MARIA,Dona,1950,1101
17,FRANCISCA,Dona,1950,1093
18,ANTONIA,Dona,1950,1050
19,ROSA,Dona,1950,1033
20,CONCEPCION,Dona,1950,1022
21,MARGARITA,Dona,1950,987
22,TERESA,Dona,1950,952
23,DOLORES,Dona,1950,935
24,ANA,Dona,1950,930
25,M LUISA,Dona,1950,895
26,M ROSA,Dona,1950,886
27,MARTA,Dona,1950,727
28,JUANA,Dona,1950,673
29,MANUELA,Dona,1950,645
30,ROSA M,Dona,1950,620
31,ROSARIO,Dona,1950,616
32,GLORIA,Dona,1950,613
33,ANA M,Dona,1950,596
34,JOSEFINA,Dona,1950,559
35,MARIA CARMEN,Dona,1950,556
36,M JOSE,Dona,1950,536
37,MARIA TERESA,Dona,1950,535
38,ELENA,Dona,1950,524
39,MERCE,Dona,1950,517
40,M JESUS,Dona,1950,473
41,M MERCEDES,Dona,1950,451
42,LAURA,Dona,1950,448
43,ESTHER,Dona,1950,441
44,ANGELES,Dona,1950,437
45,ALICIA,Dona,1950,427
46,JULIA,Dona,1950,403
47,M ANTONIA,Dona,1950,402
48,MARIA DOLORES,Dona,1950,375
49,ROSER,Dona,1950,370
50,CRISTINA,Dona,1950,354
1,MONTSERRAT,Dona,1960,4241
2,NURIA,Dona,1960,2518
3,M CARMEN,Dona,1960,2379
4,MARTA,Dona,1960,2071
5,CRISTINA,Dona,1960,1841
6,SILVIA,Dona,1960,1634
7,ANA MARIA,Dona,1960,1619
8,ISABEL,Dona,1960,1521
9,M TERESA,Dona,1960,1484
10,MERCEDES,Dona,1960,1428
11,CARMEN,Dona,1960,1227
12,ROSA MARIA,Dona,1960,1153
13,ANA,Dona,1960,1110
14,M ISABEL,Dona,1960,1108
15,ESTHER,Dona,1960,1091
16,OLGA,Dona,1960,1061
17,MARIA,Dona,1960,1057
18,M DOLORES,Dona,1960,1025
19,M PILAR,Dona,1960,1023
20,LAURA,Dona,1960,998
21,M JOSE,Dona,1960,995
22,M ANGELES,Dona,1960,987
23,YOLANDA,Dona,1960,892
24,SUSANA,Dona,1960,879
25,PILAR,Dona,1960,860
26,GEMMA,Dona,1960,840
27,EVA,Dona,1960,817
28,JOSEFA,Dona,1960,743
29,MARGARITA,Dona,1960,742
30,ELENA,Dona,1960,727
31,MONICA,Dona,1960,727
32,ROSA,Dona,1960,685
33,FRANCISCA,Dona,1960,684
34,ANTONIA,Dona,1960,648
35,ANNA,Dona,1960,624
36,MARIA CARMEN,Dona,1960,616
37,CONCEPCION,Dona,1960,602
38,M LUISA,Dona,1960,588
39,ANA M,Dona,1960,586
40,M ROSA,Dona,1960,582
41,TERESA,Dona,1960,569
42,ALICIA,Dona,1960,566
43,MARIA TERESA,Dona,1960,553
44,GLORIA,Dona,1960,532
45,DOLORES,Dona,1960,521
46,ROSA M,Dona,1960,500
47,LOURDES,Dona,1960,493
48,M MERCEDES,Dona,1960,488
49,MARIA ISABEL,Dona,1960,471
50,MERCE,Dona,1960,471
1,MARTA,Dona,1970,3252
2,CRISTINA,Dona,1970,2730
3,MONICA,Dona,1970,2541
4,SILVIA,Dona,1970,2110
5,LAURA,Dona,1970,2059
6,NURIA,Dona,1970,2033
7,MONTSERRAT,Dona,1970,2022
8,SONIA,Dona,1970,2019
9,EVA,Dona,1970,1916
10,SANDRA,Dona,1970,1881
11,SUSANA,Dona,1970,1663
12,YOLANDA,Dona,1970,1469
13,GEMMA,Dona,1970,1375
14,RAQUEL,Dona,1970,1373
15,ANNA,Dona,1970,1253
16,ESTHER,Dona,1970,1179
17,MARIA,Dona,1970,1147
18,ANA,Dona,1970,1142
19,MIREIA,Dona,1970,1090
20,OLGA,Dona,1970,1034
21,ANA MARIA,Dona,1970,987
22,ELENA,Dona,1970,944
23,CAROLINA,Dona,1970,779
24,NATALIA,Dona,1970,775
25,ISABEL,Dona,1970,740
26,PATRICIA,Dona,1970,740
27,M CARMEN,Dona,1970,727
28,ELISABET,Dona,1970,625
29,MERITXELL,Dona,1970,613
30,SARA,Dona,1970,590
31,BEATRIZ,Dona,1970,576
32,VANESSA,Dona,1970,550
33,NOEMI,Dona,1970,544
34,MIRIAM,Dona,1970,537
35,LAIA,Dona,1970,529
36,MERCEDES,Dona,1970,505
37,EVA MARIA,Dona,1970,504
38,M JOSE,Dona,1970,497
39,ALICIA,Dona,1970,477
40,M TERESA,Dona,1970,471
41,ROSA MARIA,Dona,1970,458
42,ESTER,Dona,1970,429
43,MARIA TERESA,Dona,1970,424
44,CARMEN,Dona,1970,421
45,M ISABEL,Dona,1970,419
46,LIDIA,Dona,1970,397
47,VERONICA,Dona,1970,394
48,IRENE,Dona,1970,392
49,RUTH,Dona,1970,383
50,MARIA JOSE,Dona,1970,377
1,LAURA,Dona,1980,2828
2,MARTA,Dona,1980,2766
3,CRISTINA,Dona,1980,2363
4,ANNA,Dona,1980,1874
5,MARIA,Dona,1980,1759
6,NURIA,Dona,1980,1305
7,ANA,Dona,1980,1130
8,SILVIA,Dona,1980,1126
9,PATRICIA,Dona,1980,1120
10,SARA,Dona,1980,1116
11,MIREIA,Dona,1980,1091
12,RAQUEL,Dona,1980,1071
13,ALBA,Dona,1980,960
14,ELENA,Dona,1980,916
15,SANDRA,Dona,1980,867
16,LAIA,Dona,1980,845
17,MIRIAM,Dona,1980,809
18,EVA,Dona,1980,731
19,CAROLINA,Dona,1980,722
20,NATALIA,Dona,1980,722
21,IRENE,Dona,1980,718
22,MONICA,Dona,1980,706
23,SONIA,Dona,1980,664
24,ANDREA,Dona,1980,634
25,VANESSA,Dona,1980,634
26,MARINA,Dona,1980,625
27,VERONICA,Dona,1980,625
28,GEMMA,Dona,1980,621
29,ELISABET,Dona,1980,619
30,BEATRIZ,Dona,1980,602
31,JESSICA,Dona,1980,597
32,MONTSERRAT,Dona,1980,575
33,LORENA,Dona,1980,534
34,ESTHER,Dona,1980,522
35,CARLA,Dona,1980,510
36,ANA MARIA,Dona,1980,483
37,PAULA,Dona,1980,469
38,CLARA,Dona,1980,465
39,ALEXANDRA,Dona,1980,441
40,SUSANA,Dona,1980,409
41,OLGA,Dona,1980,397
42,MERITXELL,Dona,1980,392
43,ISABEL,Dona,1980,384
44,JULIA,Dona,1980,383
45,LUCIA,Dona,1980,366
46,ESTER,Dona,1980,364
47,CLAUDIA,Dona,1980,361
48,NOELIA,Dona,1980,355
49,DIANA,Dona,1980,341
50,LIDIA,Dona,1980,339
1,LAURA,Dona,1990,2408
2,MARIA,Dona,1990,2128
3,MARTA,Dona,1990,1965
4,ANNA,Dona,1990,1696
5,ANDREA,Dona,1990,1580
6,CRISTINA,Dona,1990,1365
7,PAULA,Dona,1990,1174
8,SARA,Dona,1990,1163
9,ALBA,Dona,1990,1074
10,CARLA,Dona,1990,973
11,JULIA,Dona,1990,939
12,LAIA,Dona,1990,936
13,CLAUDIA,Dona,1990,900
14,MARINA,Dona,1990,874
15,MIREIA,Dona,1990,856
16,NURIA,Dona,1990,813
17,ANA,Dona,1990,769
18,IRENE,Dona,1990,728
19,SANDRA,Dona,1990,708
20,PATRICIA,Dona,1990,707
21,CLARA,Dona,1990,691
22,ARIADNA,Dona,1990,640
23,RAQUEL,Dona,1990,623
24,JUDIT,Dona,1990,565
25,ELENA,Dona,1990,557
26,SILVIA,Dona,1990,549
27,NATALIA,Dona,1990,527
28,BERTA,Dona,1990,509
29,MONICA,Dona,1990,488
30,MIRIAM,Dona,1990,484
31,HELENA,Dona,1990,440
32,GEMMA,Dona,1990,394
33,CAROLINA,Dona,1990,367
34,EVA,Dona,1990,367
35,JUDITH,Dona,1990,367
36,CARLOTA,Dona,1990,355
37,BLANCA,Dona,1990,331
38,SONIA,Dona,1990,327
39,AINA,Dona,1990,323
40,SOFIA,Dona,1990,321
41,MAR,Dona,1990,316
42,LORENA,Dona,1990,304
43,INES,Dona,1990,298
44,BEATRIZ,Dona,1990,293
45,ADRIANA,Dona,1990,279
46,NEREA,Dona,1990,261
47,ALEXANDRA,Dona,1990,254
48,ELISABET,Dona,1990,249
49,NOELIA,Dona,1990,247
50,JESSICA,Dona,1990,240
1,MARIA,Dona,2000,1858
2,PAULA,Dona,2000,1512
3,LAIA,Dona,2000,1461
4,JULIA,Dona,2000,1385
5,CARLA,Dona,2000,1289
6,LAURA,Dona,2000,1181
7,LUCIA,Dona,2000,1089
8,CLAUDIA,Dona,2000,1078
9,ANNA,Dona,2000,1057
10,MARTA,Dona,2000,1055
11,ALBA,Dona,2000,1013
12,MARTINA,Dona,2000,984
13,SARA,Dona,2000,894
14,ANDREA,Dona,2000,812
15,ARIADNA,Dona,2000,709
16,MARINA,Dona,2000,708
17,BERTA,Dona,2000,679
18,AINA,Dona,2000,672
19,MIREIA,Dona,2000,624
20,CLARA,Dona,2000,610
21,SOFIA,Dona,2000,555
22,IRENE,Dona,2000,546
23,CRISTINA,Dona,2000,528
24,NURIA,Dona,2000,523
25,MAR,Dona,2000,506
26,CARLOTA,Dona,2000,493
27,EMMA,Dona,2000,487
28,JANA,Dona,2000,469
29,ANA,Dona,2000,452
30,NATALIA,Dona,2000,411
31,NEREA,Dona,2000,388
32,INES,Dona,2000,384
33,AINHOA,Dona,2000,380
34,MARIONA,Dona,2000,380
35,JUDIT,Dona,2000,374
36,JUDITH,Dona,2000,374
37,NOA,Dona,2000,369
38,BLANCA,Dona,2000,354
39,ONA,Dona,2000,337
40,ELENA,Dona,2000,330
41,HELENA,Dona,2000,319
42,ABRIL,Dona,2000,315
43,DANIELA,Dona,2000,309
44,ADRIANA,Dona,2000,289
45,AITANA,Dona,2000,257
46,SANDRA,Dona,2000,247
47,EVA,Dona,2000,244
48,PATRICIA,Dona,2000,240
49,MIRIAM,Dona,2000,238
50,NORA,Dona,2000,231
1,JULIA,Dona,2010,1208
2,MARTINA,Dona,2010,1194
3,LAIA,Dona,2010,1077
4,LUCIA,Dona,2010,995
5,MARIA,Dona,2010,982
6,EMMA,Dona,2010,947
7,SOFIA,Dona,2010,902
8,PAULA,Dona,2010,864
9,CARLA,Dona,2010,794
10,AINA,Dona,2010,760
11,NOA,Dona,2010,759
12,CLAUDIA,Dona,2010,707
13,SARA,Dona,2010,630
14,ONA,Dona,2010,588
15,ALBA,Dona,2010,578
16,VALENTINA,Dona,2010,565
17,OLIVIA,Dona,2010,551
18,CLARA,Dona,2010,494
19,ARIADNA,Dona,2010,486
20,JANA,Dona,2010,463
21,DANIELA,Dona,2010,461
22,ABRIL,Dona,2010,442
23,ANNA,Dona,2010,428
24,MIA,Dona,2010,407
25,NORA,Dona,2010,403
26,CHLOE,Dona,2010,401
27,ARLET,Dona,2010,390
28,CARLOTA,Dona,2010,385
29,BERTA,Dona,2010,377
30,VALERIA,Dona,2010,369
31,INES,Dona,2010,358
32,LAURA,Dona,2010,340
33,MARINA,Dona,2010,323
34,IRENE,Dona,2010,316
35,MAR,Dona,2010,315
36,BRUNA,Dona,2010,307
37,AINHOA,Dona,2010,290
38,GALA,Dona,2010,284
39,BLANCA,Dona,2010,282
40,LOLA,Dona,2010,264
41,MARTA,Dona,2010,252
42,VERA,Dona,2010,252
43,ADRIANA,Dona,2010,251
44,MARIONA,Dona,2010,251
45,NURIA,Dona,2010,239
46,LIA,Dona,2010,236
47,AITANA,Dona,2010,225
48,ALEXANDRA,Dona,2010,220
49,IVET,Dona,2010,212
50,ELENA,Dona,2010,207
1,JOSE,Home,Abans de 1930,685
2,ANTONIO,Home,Abans de 1930,493
3,FRANCISCO,Home,Abans de 1930,434
4,JUAN,Home,Abans de 1930,427
5,MANUEL,Home,Abans de 1930,386
6,RAMON,Home,Abans de 1930,233
7,JOSEP,Home,Abans de 1930,188
8,PEDRO,Home,Abans de 1930,182
9,LUIS,Home,Abans de 1930,168
10,MIGUEL,Home,Abans de 1930,166
11,JOAN,Home,Abans de 1930,150
12,JOAQUIN,Home,Abans de 1930,126
13,JOSE M,Home,Abans de 1930,125
14,ANGEL,Home,Abans de 1930,120
15,JAIME,Home,Abans de 1930,118
16,VICENTE,Home,Abans de 1930,117
17,ENRIQUE,Home,Abans de 1930,113
18,RAFAEL,Home,Abans de 1930,109
19,JORDI,Home,Abans de 1930,101
20,JESUS,Home,Abans de 1930,99
21,CARLOS,Home,Abans de 1930,86
22,JAUME,Home,Abans de 1930,84
23,FERNANDO,Home,Abans de 1930,78
24,SALVADOR,Home,Abans de 1930,76
25,EMILIO,Home,Abans de 1930,74
26,JORGE,Home,Abans de 1930,71
27,FRANCESC,Home,Abans de 1930,67
28,ANTONI,Home,Abans de 1930,65
29,ALFONSO,Home,Abans de 1930,62
30,DOMINGO,Home,Abans de 1930,60
31,RICARDO,Home,Abans de 1930,60
32,JOSEP M,Home,Abans de 1930,56
33,AGUSTIN,Home,Abans de 1930,55
34,JOSE MARIA,Home,Abans de 1930,52
35,ANDRES,Home,Abans de 1930,51
36,LLUIS,Home,Abans de 1930,47
37,PERE,Home,Abans de 1930,47
38,ALBERTO,Home,Abans de 1930,46
39,FELIX,Home,Abans de 1930,46
40,JULIAN,Home,Abans de 1930,45
41,MARIANO,Home,Abans de 1930,45
42,SANTIAGO,Home,Abans de 1930,44
43,EDUARDO,Home,Abans de 1930,42
44,TOMAS,Home,Abans de 1930,42
45,GREGORIO,Home,Abans de 1930,39
46,JULIO,Home,Abans de 1930,39
47,ENRIC,Home,Abans de 1930,35
48,DANIEL,Home,Abans de 1930,34
49,ESTEBAN,Home,Abans de 1930,33
50,ALEJANDRO,Home,Abans de 1930,32
1,JOSE,Home,1930,2923
2,ANTONIO,Home,1930,2189
3,MANUEL,Home,1930,1756
4,FRANCISCO,Home,1930,1748
5,JUAN,Home,1930,1725
6,RAMON,Home,1930,847
7,PEDRO,Home,1930,784
8,LUIS,Home,1930,729
9,MIGUEL,Home,1930,688
10,JOSEP,Home,1930,674
11,JOAN,Home,1930,565
12,RAFAEL,Home,1930,485
13,JOAQUIN,Home,1930,484
14,ANGEL,Home,1930,483
15,ENRIQUE,Home,1930,482
16,JOSE M,Home,1930,482
17,JAIME,Home,1930,429
18,JORGE,Home,1930,418
19,VICENTE,Home,1930,398
20,JESUS,Home,1930,394
21,JORDI,Home,1930,375
22,FERNANDO,Home,1930,367
23,CARLOS,Home,1930,352
24,EMILIO,Home,1930,302
25,SALVADOR,Home,1930,275
26,ANDRES,Home,1930,266
27,ALBERTO,Home,1930,249
28,FRANCESC,Home,1930,242
29,JAUME,Home,1930,240
30,JULIO,Home,1930,223
31,EDUARDO,Home,1930,222
32,SANTIAGO,Home,1930,212
33,MARIANO,Home,1930,199
34,RICARDO,Home,1930,199
35,LLUIS,Home,1930,197
36,AGUSTIN,Home,1930,196
37,JOSE MARIA,Home,1930,195
38,ANTONI,Home,1930,192
39,DOMINGO,Home,1930,180
40,TOMAS,Home,1930,177
41,FELIX,Home,1930,173
42,ALFONSO,Home,1930,164
43,JULIAN,Home,1930,162
44,ENRIC,Home,1930,157
45,JOSEP M,Home,1930,155
46,JOSE L,Home,1930,147
47,PERE,Home,1930,135
48,JOSE A,Home,1930,130
49,DIEGO,Home,1930,121
50,ALFREDO,Home,1930,119
1,JOSE,Home,1940,4079
2,ANTONIO,Home,1940,3696
3,FRANCISCO,Home,1940,2782
4,MANUEL,Home,1940,2767
5,JUAN,Home,1940,2510
6,RAMON,Home,1940,1337
7,PEDRO,Home,1940,1230
8,JOSE M,Home,1940,1157
9,MIGUEL,Home,1940,1104
10,LUIS,Home,1940,1101
11,JOSEP,Home,1940,1040
12,JOAN,Home,1940,955
13,ANGEL,Home,1940,887
14,RAFAEL,Home,1940,831
15,CARLOS,Home,1940,818
16,JESUS,Home,1940,788
17,FERNANDO,Home,1940,787
18,JAIME,Home,1940,777
19,ENRIQUE,Home,1940,753
20,JORDI,Home,1940,723
21,JOAQUIN,Home,1940,702
22,JORGE,Home,1940,670
23,VICENTE,Home,1940,598
24,JOSE L,Home,1940,583
25,JOSE MARIA,Home,1940,504
26,SANTIAGO,Home,1940,504
27,SALVADOR,Home,1940,468
28,JAUME,Home,1940,463
29,JOSE LUIS,Home,1940,462
30,ALBERTO,Home,1940,447
31,JOSEP M,Home,1940,426
32,EDUARDO,Home,1940,417
33,RICARDO,Home,1940,414
34,JOSE A,Home,1940,393
35,EMILIO,Home,1940,388
36,ANDRES,Home,1940,387
37,ANTONI,Home,1940,380
38,FRANCESC,Home,1940,369
39,LLUIS,Home,1940,339
40,AGUSTIN,Home,1940,327
41,JULIO,Home,1940,318
42,ALFONSO,Home,1940,308
43,TOMAS,Home,1940,282
44,MIQUEL,Home,1940,273
45,JOSE ANTONIO,Home,1940,272
46,ENRIC,Home,1940,269
47,PERE,Home,1940,268
48,FELIX,Home,1940,254
49,ALBERT,Home,1940,240
50,JULIAN,Home,1940,240
1,ANTONIO,Home,1950,3518
2,JOSE,Home,1950,3345
3,FRANCISCO,Home,1950,2707
4,MANUEL,Home,1950,2692
5,JUAN,Home,1950,2234
6,JORDI,Home,1950,1690
7,JORGE,Home,1950,1516
8,CARLOS,Home,1950,1504
9,RAMON,Home,1950,1328
10,PEDRO,Home,1950,1220
11,LUIS,Home,1950,1136
12,MIGUEL,Home,1950,1111
13,JOSE M,Home,1950,1101
14,JOSEP,Home,1950,1098
15,JOAN,Home,1950,1081
16,RAFAEL,Home,1950,987
17,FERNANDO,Home,1950,906
18,ANGEL,Home,1950,900
19,ENRIQUE,Home,1950,882
20,JESUS,Home,1950,842
21,JAIME,Home,1950,808
22,JOSE LUIS,Home,1950,797
23,JOAQUIN,Home,1950,737
24,JAVIER,Home,1950,724
25,JOSE MARIA,Home,1950,699
26,ALBERTO,Home,1950,658
27,FRANCISCO JAVIER,Home,1950,657
28,JOSE L,Home,1950,639
29,SALVADOR,Home,1950,571
30,JOSE A,Home,1950,540
31,JAUME,Home,1950,525
32,VICENTE,Home,1950,523
33,SANTIAGO,Home,1950,514
34,JOSE ANTONIO,Home,1950,506
35,EDUARDO,Home,1950,495
36,RICARDO,Home,1950,489
37,ANTONI,Home,1950,457
38,FRANCESC,Home,1950,453
39,ANDRES,Home,1950,438
40,EMILIO,Home,1950,438
41,XAVIER,Home,1950,412
42,JOSEP M,Home,1950,400
43,ALBERT,Home,1950,399
44,LLUIS,Home,1950,394
45,ALFONSO,Home,1950,382
46,ENRIC,Home,1950,356
47,JOSE MANUEL,Home,1950,355
48,AGUSTIN,Home,1950,348
49,PERE,Home,1950,325
50,CARLES,Home,1950,317
1,JORDI,Home,1960,2897
2,ANTONIO,Home,1960,2887
3,JORGE,Home,1960,2310
4,CARLOS,Home,1960,2238
5,MANUEL,Home,1960,2100
6,JOSE,Home,1960,2092
7,FRANCISCO,Home,1960,2050
8,JAVIER,Home,1960,1791
9,JUAN,Home,1960,1554
10,FRANCISCO JAVIER,Home,1960,1448
11,DAVID,Home,1960,1367
12,JOSE LUIS,Home,1960,1175
13,RAMON,Home,1960,1133
14,JUAN CARLOS,Home,1960,1067
15,FERNANDO,Home,1960,1064
16,ALBERTO,Home,1960,1035
17,XAVIER,Home,1960,1012
18,LUIS,Home,1960,1008
19,RAFAEL,Home,1960,997
20,PEDRO,Home,1960,973
21,MIGUEL,Home,1960,971
22,JOSE ANTONIO,Home,1960,951
23,JOAN,Home,1960,903
24,JOSEP,Home,1960,899
25,ENRIQUE,Home,1960,864
26,JOSE M,Home,1960,753
27,ANGEL,Home,1960,743
28,JAIME,Home,1960,737
29,JESUS,Home,1960,734
30,SERGIO,Home,1960,732
31,JOSE MARIA,Home,1960,728
32,ALBERT,Home,1960,698
33,JOSE MANUEL,Home,1960,686
34,EDUARDO,Home,1960,683
35,MIGUEL ANGEL,Home,1960,674
36,JOAQUIN,Home,1960,663
37,RICARDO,Home,1960,661
38,ALEJANDRO,Home,1960,640
39,SANTIAGO,Home,1960,633
40,DANIEL,Home,1960,601
41,JAUME,Home,1960,563
42,FRANCESC,Home,1960,523
43,OSCAR,Home,1960,513
44,JUAN JOSE,Home,1960,488
45,SALVADOR,Home,1960,475
46,CARLES,Home,1960,466
47,ANDRES,Home,1960,459
48,ENRIC,Home,1960,415
49,JOSE L,Home,1960,412
50,ALFONSO,Home,1960,410
1,DAVID,Home,1970,4328
2,JORDI,Home,1970,3431
3,DANIEL,Home,1970,2487
4,JAVIER,Home,1970,2261
5,CARLOS,Home,1970,2253
6,OSCAR,Home,1970,2204
7,SERGIO,Home,1970,2036
8,JORGE,Home,1970,1954
9,ANTONIO,Home,1970,1802
10,XAVIER,Home,1970,1474
11,MARC,Home,1970,1424
12,ALEJANDRO,Home,1970,1414
13,ALBERTO,Home,1970,1384
14,FRANCISCO,Home,1970,1140
15,MANUEL,Home,1970,1139
16,RAUL,Home,1970,1099
17,FRANCISCO JAVIER,Home,1970,1066
18,ALBERT,Home,1970,1001
19,IVAN,Home,1970,966
20,JOSE,Home,1970,949
21,JUAN,Home,1970,851
22,JUAN CARLOS,Home,1970,825
23,MIGUEL ANGEL,Home,1970,820
24,LUIS,Home,1970,798
25,JOSE LUIS,Home,1970,792
26,VICTOR,Home,1970,790
27,MIGUEL,Home,1970,778
28,FERNANDO,Home,1970,777
29,JOAN,Home,1970,716
30,EDUARDO,Home,1970,700
31,ORIOL,Home,1970,695
32,JOSE ANTONIO,Home,1970,687
33,RAFAEL,Home,1970,669
34,RAMON,Home,1970,667
35,MARCOS,Home,1970,660
36,ROGER,Home,1970,658
37,PEDRO,Home,1970,637
38,SERGI,Home,1970,630
39,MUHAMMAD,Home,1970,605
40,IGNACIO,Home,1970,585
41,ENRIQUE,Home,1970,581
42,JOSE MANUEL,Home,1970,572
43,RICARDO,Home,1970,567
44,SANTIAGO,Home,1970,552
45,RUBEN,Home,1970,549
46,PABLO,Home,1970,544
47,JESUS,Home,1970,532
48,JAIME,Home,1970,516
49,ANGEL,Home,1970,487
50,ROBERTO,Home,1970,477
1,DAVID,Home,1980,2893
2,DANIEL,Home,1980,2383
3,JORDI,Home,1980,2138
4,MARC,Home,1980,2022
5,JAVIER,Home,1980,1790
6,CARLOS,Home,1980,1730
7,ALBERT,Home,1980,1558
8,ALEJANDRO,Home,1980,1452
9,SERGIO,Home,1980,1298
10,VICTOR,Home,1980,1259
11,XAVIER,Home,1980,1246
12,ALBERTO,Home,1980,1130
13,ORIOL,Home,1980,869
14,RUBEN,Home,1980,868
15,ANTONIO,Home,1980,856
16,RAUL,Home,1980,834
17,IVAN,Home,1980,820
18,OSCAR,Home,1980,810
19,CRISTIAN,Home,1980,777
20,JOAN,Home,1980,750
21,SERGI,Home,1980,700
22,PABLO,Home,1980,685
23,MUHAMMAD,Home,1980,659
24,MIGUEL,Home,1980,640
25,JORGE,Home,1980,636
26,ROGER,Home,1980,628
27,MANUEL,Home,1980,611
28,FRANCISCO,Home,1980,527
29,GERARD,Home,1980,513
30,EDUARDO,Home,1980,499
31,FRANCISCO JAVIER,Home,1980,493
32,JUAN,Home,1980,493
33,IGNACIO,Home,1980,491
34,JOSE,Home,1980,481
35,PAU,Home,1980,472
36,EDUARD,Home,1980,444
37,ADRIAN,Home,1980,418
38,FERRAN,Home,1980,412
39,MIGUEL ANGEL,Home,1980,412
40,LUIS,Home,1980,409
41,MARCOS,Home,1980,403
42,HECTOR,Home,1980,395
43,GUILLEM,Home,1980,389
44,CARLES,Home,1980,386
45,FERNANDO,Home,1980,381
46,ALEX,Home,1980,379
47,RAFAEL,Home,1980,379
48,ADRIA,Home,1980,374
49,ALVARO,Home,1980,374
50,JESUS,Home,1980,371
1,MARC,Home,1990,2587
2,DAVID,Home,1990,1808
3,DANIEL,Home,1990,1684
4,ALBERT,Home,1990,1356
5,ALEJANDRO,Home,1990,1349
6,VICTOR,Home,1990,1344
7,JORDI,Home,1990,1122
8,SERGI,Home,1990,1005
9,ALEX,Home,1990,1001
10,CARLOS,Home,1990,995
11,POL,Home,1990,916
12,JAVIER,Home,1990,849
13,SERGIO,Home,1990,809
14,XAVIER,Home,1990,804
15,GERARD,Home,1990,799
16,ORIOL,Home,1990,798
17,GUILLEM,Home,1990,780
18,PAU,Home,1990,770
19,ADRIA,Home,1990,765
20,JOAN,Home,1990,746
21,OSCAR,Home,1990,690
22,PABLO,Home,1990,628
23,ADRIAN,Home,1990,616
24,ERIC,Home,1990,601
25,IVAN,Home,1990,598
26,ARNAU,Home,1990,577
27,ROGER,Home,1990,571
28,ALBERTO,Home,1990,456
29,ALVARO,Home,1990,450
30,RUBEN,Home,1990,441
31,ANTONIO,Home,1990,436
32,FERRAN,Home,1990,430
33,CRISTIAN,Home,1990,417
34,EDUARD,Home,1990,407
35,IGNACIO,Home,1990,405
36,MIGUEL,Home,1990,400
37,RAUL,Home,1990,362
38,MIQUEL,Home,1990,358
39,GUILLERMO,Home,1990,350
40,MUHAMMAD,Home,1990,348
41,MARTI,Home,1990,340
42,ALEIX,Home,1990,326
43,CARLES,Home,1990,313
44,JOEL,Home,1990,302
45,HECTOR,Home,1990,300
46,ENRIC,Home,1990,297
47,MANUEL,Home,1990,297
48,SANTIAGO,Home,1990,296
49,LUIS,Home,1990,288
50,JAUME,Home,1990,274
1,MARC,Home,2000,2285
2,ALEX,Home,2000,1626
3,POL,Home,2000,1555
4,PAU,Home,2000,1491
5,DANIEL,Home,2000,1243
6,DAVID,Home,2000,1230
7,ARNAU,Home,2000,1038
8,VICTOR,Home,2000,1012
9,ALEJANDRO,Home,2000,878
10,JOAN,Home,2000,862
11,MARTI,Home,2000,846
12,ERIC,Home,2000,835
13,PABLO,Home,2000,809
14,ORIOL,Home,2000,790
15,JAN,Home,2000,762
16,GERARD,Home,2000,761
17,ADRIA,Home,2000,752
18,GUILLEM,Home,2000,717
19,JORDI,Home,2000,704
20,SERGI,Home,2000,646
21,ALBERT,Home,2000,626
22,JOEL,Home,2000,626
23,ROGER,Home,2000,593
24,IVAN,Home,2000,571
25,CARLOS,Home,2000,512
26,XAVIER,Home,2000,504
27,OSCAR,Home,2000,497
28,ALVARO,Home,2000,485
29,HUGO,Home,2000,481
30,NICOLAS,Home,2000,457
31,BIEL,Home,2000,448
32,MAX,Home,2000,443
33,LUCAS,Home,2000,432
34,ADRIAN,Home,2000,413
35,ALEIX,Home,2000,408
36,JAVIER,Home,2000,407
37,IKER,Home,2000,392
38,NIL,Home,2000,391
39,BRUNO,Home,2000,385
40,MIQUEL,Home,2000,357
41,MARIO,Home,2000,356
42,HECTOR,Home,2000,353
43,RAUL,Home,2000,350
44,SERGIO,Home,2000,322
45,IGNACIO,Home,2000,318
46,GABRIEL,Home,2000,305
47,MIGUEL,Home,2000,288
48,RUBEN,Home,2000,272
49,GUILLERMO,Home,2000,264
50,FERRAN,Home,2000,261
1,MARC,Home,2010,1533
2,ALEX,Home,2010,1129
3,POL,Home,2010,1108
4,ERIC,Home,2010,976
5,PAU,Home,2010,965
6,MARTI,Home,2010,886
7,BIEL,Home,2010,781
8,JAN,Home,2010,768
9,ARNAU,Home,2010,744
10,DANIEL,Home,2010,705
11,LUCAS,Home,2010,692
12,HUGO,Home,2010,691
13,BRUNO,Home,2010,673
14,NIL,Home,2010,660
15,GERARD,Home,2010,652
16,LEO,Home,2010,633
17,MAX,Home,2010,559
18,ALEIX,Home,2010,522
19,PABLO,Home,2010,510
20,DAVID,Home,2010,492
21,ADRIA,Home,2010,474
22,NICOLAS,Home,2010,473
23,MATEO,Home,2010,470
24,VICTOR,Home,2010,465
25,GUILLEM,Home,2010,396
26,ALEJANDRO,Home,2010,391
27,JOAN,Home,2010,370
28,JOEL,Home,2010,369
29,GAEL,Home,2010,364
30,ORIOL,Home,2010,363
31,ROGER,Home,2010,359
32,JORDI,Home,2010,347
33,GABRIEL,Home,2010,340
34,TEO,Home,2010,333
35,MARIO,Home,2010,327
36,ROC,Home,2010,304
37,ALVARO,Home,2010,280
38,MARTIN,Home,2010,279
39,DIEGO,Home,2010,277
40,LUCA,Home,2010,277
41,ADAM,Home,2010,276
42,ADRIAN,Home,2010,270
43,TOMAS,Home,2010,263
44,IAN,Home,2010,257
45,IZAN,Home,2010,250
46,LLUC,Home,2010,248
47,UNAI,Home,2010,248
48,IKER,Home,2010,247
49,ERIK,Home,2010,237
50,DIDAC,Home,2010,233
1,MARIA,Dona,TOTAL,18645
2,MONTSERRAT,Dona,TOTAL,15985
3,MARTA,Dona,TOTAL,12718
4,CARMEN,Dona,TOTAL,11846
5,NURIA,Dona,TOTAL,11061
6,LAURA,Dona,TOTAL,10660
7,M CARMEN,Dona,TOTAL,10246
8,CRISTINA,Dona,TOTAL,9616
9,ISABEL,Dona,TOTAL,8438
10,ANA,Dona,TOTAL,7680
11,ANNA,Dona,TOTAL,7593
12,JOSEFA,Dona,TOTAL,7463
13,M TERESA,Dona,TOTAL,7217
14,MERCEDES,Dona,TOTAL,6892
15,PILAR,Dona,TOTAL,6571
16,SILVIA,Dona,TOTAL,6160
17,ANA MARIA,Dona,TOTAL,5827
18,ROSA,Dona,TOTAL,5819
19,JULIA,Dona,TOTAL,5747
20,FRANCISCA,Dona,TOTAL,5309
21,TERESA,Dona,TOTAL,5122
22,ANTONIA,Dona,TOTAL,5018
23,ELENA,Dona,TOTAL,5009
24,SARA,Dona,TOTAL,4999
25,DOLORES,Dona,TOTAL,4887
26,LAIA,Dona,TOTAL,4868
27,MONICA,Dona,TOTAL,4771
28,CONCEPCION,Dona,TOTAL,4545
29,M DOLORES,Dona,TOTAL,4534
30,EVA,Dona,TOTAL,4455
31,PAULA,Dona,TOTAL,4424
32,M PILAR,Dona,TOTAL,4305
33,MIREIA,Dona,TOTAL,4221
34,ESTHER,Dona,TOTAL,3973
35,SANDRA,Dona,TOTAL,3857
36,MARINA,Dona,TOTAL,3839
37,ALBA,Dona,TOTAL,3827
38,RAQUEL,Dona,TOTAL,3823
39,M ROSA,Dona,TOTAL,3798
40,M ISABEL,Dona,TOTAL,3736
41,CARLA,Dona,TOTAL,3733
42,GEMMA,Dona,TOTAL,3695
43,MARGARITA,Dona,TOTAL,3680
44,ROSA MARIA,Dona,TOTAL,3675
45,M ANGELES,Dona,TOTAL,3672
46,LUCIA,Dona,TOTAL,3664
47,SONIA,Dona,TOTAL,3624
48,ANDREA,Dona,TOTAL,3611
49,IRENE,Dona,TOTAL,3448
50,SUSANA,Dona,TOTAL,3421
1,ANTONIO,Home,TOTAL,16211
2,JOSE,Home,TOTAL,15109
3,JORDI,Home,TOTAL,13528
4,DAVID,Home,TOTAL,12431
5,MANUEL,Home,TOTAL,12060
6,FRANCISCO,Home,TOTAL,11765
7,CARLOS,Home,TOTAL,10670
8,JUAN,Home,TOTAL,10360
9,MARC,Home,TOTAL,10143
10,DANIEL,Home,TOTAL,9746
11,JAVIER,Home,TOTAL,8275
12,JORGE,Home,TOTAL,7983
13,JOAN,Home,TOTAL,7098
14,ALEJANDRO,Home,TOTAL,6779
15,MIGUEL,Home,TOTAL,6282
16,ALBERT,Home,TOTAL,6205
17,RAMON,Home,TOTAL,6203
18,LUIS,Home,TOTAL,5941
19,XAVIER,Home,TOTAL,5816
20,VICTOR,Home,TOTAL,5796
21,PEDRO,Home,TOTAL,5790
22,SERGIO,Home,TOTAL,5594
23,ALBERTO,Home,TOTAL,5591
24,JOSEP,Home,TOTAL,5240
25,OSCAR,Home,TOTAL,5034
26,RAFAEL,Home,TOTAL,4788
27,FERNANDO,Home,TOTAL,4719
28,ALEX,Home,TOTAL,4508
29,ANGEL,Home,TOTAL,4437
30,ENRIQUE,Home,TOTAL,4310
31,FRANCISCO JAVIER,Home,TOTAL,4188
32,JOSE M,Home,TOTAL,4148
33,PAU,Home,TOTAL,4061
34,JESUS,Home,TOTAL,4028
35,PABLO,Home,TOTAL,3997
36,POL,Home,TOTAL,3954
37,JOSE LUIS,Home,TOTAL,3906
38,JAIME,Home,TOTAL,3859
39,ORIOL,Home,TOTAL,3689
40,JOAQUIN,Home,TOTAL,3565
41,SANTIAGO,Home,TOTAL,3562
42,EDUARDO,Home,TOTAL,3446
43,SERGI,Home,TOTAL,3434
44,IVAN,Home,TOTAL,3293
45,JAUME,Home,TOTAL,3161
46,JOSE MARIA,Home,TOTAL,3136
47,RAUL,Home,TOTAL,3135
48,GERARD,Home,TOTAL,3015
49,JOSE ANTONIO,Home,TOTAL,3002
50,ROGER,Home,TOTAL,2970
